{
  "(0, 1, 0)": [
    -0.03032209631260882,
    -1.048012022,
    -0.9188692665,
    -0.8905810108684877
  ],
  "(1, 1, 1)": [
    -1.0434062000000002,
    -0.38487620000000006,
    -0.51585,
    0.34149739757392994
  ],
  "(0, 2, 2)": [
    -2.342795,
    -1.355,
    2.499393126387421,
    -2.342795
  ],
  "(1, 2, 2)": [
    -3.062897555,
    -1.7195,
    2.4996416472005083,
    -3.587852317595
  ],
  "(3, 2, 2)": [
    -2.342795,
    -2.8476639500000003,
    2.499999657771302,
    -3.587852317595
  ],
  "(2, 0, 0)": [
    1.9991778033665886,
    -0.6878000000000001,
    -0.6142650000000001,
    -0.271
  ],
  "(0, 0, 0)": [
    1.9993340207269368,
    -1.0434062000000002,
    -0.6142650000000001,
    -0.46855900000000006
  ],
  "(2, 1, 1)": [
    -0.38,
    0.995361602313412,
    -0.40650000000000003,
    -0.271
  ],
  "(2, 1, 0)": [
    -0.542,
    0.9774716004550608,
    -0.78255465,
    -0.271
  ],
  "(1, 1, 0)": [
    1.999646071309144,
    -0.8190200000000001,
    -0.51585,
    -0.271
  ],
  "(0, 1, 1)": [
    -0.2,
    0.995361602313412,
    -0.15000000000000002,
    -0.34390000000000004
  ]
}